CVE_LGJO,CVE_POZO,NOMB_POZO,TIT_LGJO,CVE_EDO,CVE_MPIO,AÑO,DESC,LONGITUD,LATITUD,DATUMG,CVE_ACUIF,NOM_ACUIF,CT_POZO,DISEÑO_PERF,CORTE_LIT,REG_ELEC,INF_PERF,REG_AFORO,ANAL_AGUA,CROQUIS,TIPO_INF,PROF_TOT_m,PROF_REG_m,HGQ,F_INICIO,F_FINAL,NE_M,ND_M,ALTITUD_msnm,Q_LPS,Ca,Mg,Na,Cl,SO4,HCO3,STD_ppm,LONG_COL_m,ADEME_pulg,TEMP_°C,POT_H_s/u,CE_Us/cm,As_mg/L,URL 
10_0004,PCOABCL76-1 (3093),VENUSTIANO CARRANZA,VENUSTIANO CARRANZA  COAHUILA-DURANGO,10,5036.0,1976,"INF. FINAL CONTIENE MENSAJES, CONTROL DE PERFORACIONES, PRUEBAS DE DESARROLLO Y AFORO,  ANÁLISIS DE AGUA  Y CROQUIS DE LOCALIZACIÓN.",,,,523,PRINCIPAL-REGION LAGUNERA,SI,NO,SI,NO,NO,SI,SI,SI,PROFUNDIDAD,118.0,,SI,1976-10-14 00:00:00,1976-02-21,33.52,34.14,,123.0,2.2,5.0,4.75,1.0,6.76,4.2,,,,,,,,https://sigagis.conagua.gob.mx/t_infbasica/INVENTARIO/10 DURANGO/PDF/10_0004.pdf
10_0005,PCOABCL76-2 (3089),BILBAO ,VENUSTIANO CARRANZA  COAHUILA-DURANGO,10,5036.0,1976,"INF. FINAL CONTIENE  ANÁLISIS DE AGUA PARA RIEGO,  CONTROL DE PERFORACIONES, PRUEBAS DE DESARROLLO Y AFORO,  CROQUIS DE LOCALIZACIÓN  Y MENSAJES.",,,,523,PRINCIPAL-REGION LAGUNERA,SI,NO,SI,NO,NO,SI,SI,SI,PROFUNDIDAD,143.0,,SI,20/101975,1976-01-28,18.18,19.36,,70.0,27.8,21.0,32.6,21.2,58.0,2.2,2003.9,,,,,,,https://sigagis.conagua.gob.mx/t_infbasica/INVENTARIO/10 DURANGO/PDF/10_0005.pdf
10_0006,PCOABCL76-3 (3091),VENUSTIANO CARRANZA,VENUSTIANO CARRANZA  COAHUILA-DURANGO,10,5036.0,1976,"INF. FINAL CONTIENE CONTROL DE PERFORACIONES, PRUEBAS DE DESARROLLO Y AFORO,  ANÁLISIS DE AGUA  DE RIEGO,  SISTEMA DE BOMBEO  Y CROQUIS DE LOCALIZACIÓN.",,,,523,PRINCIPAL-REGION LAGUNERA,SI,NO,SI,NO,NO,SI,SI,SI,PROFUNDIDAD,109.0,,SI,1976-01-31 00:00:00,1976-03-19,29.94,30.07,,90.0,4.6,1.8,6.14,1.0,7.74,3.8,802.29,,,,,,,https://sigagis.conagua.gob.mx/t_infbasica/INVENTARIO/10 DURANGO/PDF/10_0006.pdf
10_0007,PCOABCL76-4 (3094),VENUSTIANO CARRANZA,VENUSTIANO CARRANZA  COAHUILA-DURANGO,10,5036.0,1976,"INF. FINAL CONTIENE CONTROL DE PERFORACIONES, PRUEBAS DE DESARROLLO Y AFORO,  CROQUIS DE LOCALIZACIÓN,  ANÁLISIS DE AGUA,  SISTEMA DE BOMBEO  Y ANÁLISIS DE AGUA DE RIEGO.",,,,523,PRINCIPAL-REGION LAGUNERA,SI,NO,SI,NO,NO,SI,SI,SI,PROFUNDIDAD,111.0,,SI,1976-02-24 00:00:00,1976-04-13,33.87,34.38,,76.0,2.7,2.9,1.95,1.1,2.25,4.2,449.35,,,,,,,https://sigagis.conagua.gob.mx/t_infbasica/INVENTARIO/10 DURANGO/PDF/10_0007.pdf
10_0008,PCOABCL76-5 (3090),VENUSTIANO CARRANZA,VENUSTIANO CARRANZA  COAHUILA-DURANGO,10,5036.0,1976,"INF. FINAL CONTIENE CONTROL DE PERFORACIONES, PRUEBAS DE DESARROLLO Y AFORO,    ANÁLISIS DE AGUA, ANÁLISIS DE AGUA DE RIEGO,  MENSAJES, CLASIFICACIÓN GEOQUÍMICA DEL AGUA DE RIEGO, CROQUIS DE LOCALIZACIÓN  Y  SISTEMA DE BOMBEO.",,,,523,PRINCIPAL-REGION LAGUNERA,SI,NO,SI,NO,NO,SI,SI,SI,PROFUNDIDAD,100.0,,SI,1977-01-18 00:00:00,1977-02-25,39.9,41.22,,80.0,2.0,3.4,2.36,1.0,5.06,1.9,793.91,,,,,,,https://sigagis.conagua.gob.mx/t_infbasica/INVENTARIO/10 DURANGO/PDF/10_0008.pdf
10_0009,PCOABCL76-6 (3095),VENUSTIANO CARRANZA,VENUSTIANO CARRANZA  COAHUILA-DURANGO,10,5036.0,1976,"INF. FINAL CONTIENE CONTROL DE PERFORACIONES,  ANÁLISIS DE AGUA,  ANÁLISIS DE AGUA DE RIEGO,  MENSAJES,  PRUEBAS DE DESARROLLO Y AFORO   Y  CROQUIS DE LOCALIZACIÓN.",,,,523,PRINCIPAL-REGION LAGUNERA,SI,NO,SI,NO,NO,SI,SI,SI,PROFUNDIDAD,130.0,,SI,1976-05-07 00:00:00,1976-06-17,28.76,30.9,,80.0,3.6,4.0,2.74,1.0,3.94,5.4,657.09,,,,,,,https://sigagis.conagua.gob.mx/t_infbasica/INVENTARIO/10 DURANGO/PDF/10_0009.pdf
10_0010,PCOABCL76-7 (3092),VENUSTIANO CARRANZA,VENUSTIANO CARRANZA  COAHUILA-DURANGO,10,5036.0,1976,"INF. FINAL CONTIENE CONTROL DE PERFORACIONES,  ANÁLISIS DE AGUA, PRUEBAS DE DESARROLLO Y AFORO  Y  CROQUIS DE LOCALIZACIÓN.",,,,523,PRINCIPAL-REGION LAGUNERA,SI,NO,SI,NO,NO,SI,SI,SI,PROFUNDIDAD,120.0,,SI,1976-06-22 00:00:00,1976-08-22,35.3,35.67,,80.0,7.8,6.6,0.11,1.2,9.71,3.6,1003.3,,,,,,,https://sigagis.conagua.gob.mx/t_infbasica/INVENTARIO/10 DURANGO/PDF/10_0010.pdf
10_0011,PCOABCL76-8 (3096),VENUSTIANO CARRANZA,VENUSTIANO CARRANZA  COAHUILA-DURANGO,10,5036.0,1976,"INF. FINAL CONTIENE CONTROL DE PERFORACIONES,  ANÁLISIS DE AGUA, PRUEBAS DE DESARROLLO Y AFORO  Y  CROQUIS DE LOCALIZACIÓN.",,,,523,PRINCIPAL-REGION LAGUNERA,SI,NO,SI,NO,NO,SI,SI,SI,PROFUNDIDAD,135.0,,SI,1976-06-24 00:00:00,1976-08-22,33.15,45.53,,80.0,7.2,5.2,0.54,1.4,8.44,3.2,872.45,,,,,,,https://sigagis.conagua.gob.mx/t_infbasica/INVENTARIO/10 DURANGO/PDF/10_0011.pdf
10_0013,PCOABCL76-9 (3090),VENUSTIANO CARRANZA,VENUSTIANO CARRANZA  COAHUILA-DURANGO,10,5036.0,1977,"INF. FINAL CONTIENE CONTROL DE PERFORACIONES, CLASIFICACIÓN GEOQUÍMICA DEL AGUA DE RIEGO  Y PRUEBAS DE DESARROLLO Y AFORO.",,,,523,PRINCIPAL-REGION LAGUNERA,SI,NO,SI,NO,NO,SI,SI,NO,PROFUNDIDAD,100.0,,SI,1977-01-18 00:00:00,1977-02-25,39.9,41.22,,80.0,2.0,3.4,2.36,1.0,5.06,1.9,495.91,,,,,,,https://sigagis.conagua.gob.mx/t_infbasica/INVENTARIO/10 DURANGO/PDF/10_0013.pdf
10_0014,SIN ID,,COMARCA LAGUNERA COAHUILA-DURANGO,10,5035.0,1978,CONDICIONES GEOHIDROLÓGICAS DE LA ZONA.,,,,523,PRINCIPAL-REGION LAGUNERA,NO,NO,NO,NO,NO,NO,NO,NO,OTRO,,,NO,,,,,,,,,,,,,,,,,,,,https://sigagis.conagua.gob.mx/t_infbasica/INVENTARIO/10 DURANGO/PDF/10_0014.pdf
10_0016,PDGOECL-84-01,VILLA JUÁREZ NO. 1,POZOS ÁREA DE VILLA JUÁREZ,10,10012.0,1984,"INF. FINAL CONTIENE CONTROL DE PERFORACIONES,  CORTE LITOLÓGICO,  CROQUIS DE LOCALIZACIÓN  Y GRÁFICA DE PENETRACIÓN.",,,,523,PRINCIPAL-REGION LAGUNERA,SI,NO,SI,NO,NO,NO,NO,SI,HIDROGEOLÓGICA,62.0,,NO,1984-03-27 00:00:00,1984-05-14,,,,,,,,,,,,,,,,,,https://sigagis.conagua.gob.mx/t_infbasica/INVENTARIO/10 DURANGO/PDF/10_0016.pdf
10_0016,POZO 1 CFE,,POZOS ÁREA DE VILLA JUÁREZ,10,10012.0,1984,"INF. FINAL CONTIENE CONTROL DE PERFORACIONES,  CORTE LITOLÓGICO,  CROQUIS DE LOCALIZACIÓN  Y GRÁFICA DE PENETRACIÓN.",,,,523,PRINCIPAL-REGION LAGUNERA,NO,NO,NO,NO,NO,NO,NO,SI,CROQUIS,,,NO,,,,,,,,,,,,,,,,,,,,https://sigagis.conagua.gob.mx/t_infbasica/INVENTARIO/10 DURANGO/PDF/10_0016.pdf
10_0016,POZO 1 SAHOP,,VILLA JUÁREZ 1  COAHUILA-DURANGO,10,10012.0,1984,"INF. FINAL CONTIENE CONTROL DE PERFORACIONES,  CORTE LITOLÓGICO,  CROQUIS DE LOCALIZACIÓN  Y GRÁFICA DE PENETRACIÓN.",,,,523,PRINCIPAL-REGION LAGUNERA,NO,NO,NO,NO,NO,NO,NO,SI,CROQUIS,,,NO,,,,,,,,,,,,,,,,,,,,https://sigagis.conagua.gob.mx/t_infbasica/INVENTARIO/10 DURANGO/PDF/10_0016.pdf
10_0016,POZO 10 CFE,,POZOS ÁREA DE VILLA JUÁREZ,10,10012.0,1984,"INF. FINAL CONTIENE CONTROL DE PERFORACIONES,  CORTE LITOLÓGICO,  CROQUIS DE LOCALIZACIÓN  Y GRÁFICA DE PENETRACIÓN.",,,,523,PRINCIPAL-REGION LAGUNERA,NO,NO,NO,NO,NO,NO,NO,SI,CROQUIS,,,NO,,,,,,,,,,,,,,,,,,,,https://sigagis.conagua.gob.mx/t_infbasica/INVENTARIO/10 DURANGO/PDF/10_0016.pdf
10_0016,POZO 3 CFE,,POZOS ÁREA DE VILLA JUÁREZ,10,10012.0,1984,"INF. FINAL CONTIENE CONTROL DE PERFORACIONES,  CORTE LITOLÓGICO,  CROQUIS DE LOCALIZACIÓN  Y GRÁFICA DE PENETRACIÓN.",,,,523,PRINCIPAL-REGION LAGUNERA,NO,NO,NO,NO,NO,NO,NO,SI,CROQUIS,,,NO,,,,,,,,,,,,,,,,,,,,https://sigagis.conagua.gob.mx/t_infbasica/INVENTARIO/10 DURANGO/PDF/10_0016.pdf
10_0016,POZO 3 SAHOP,,VILLA JUÁREZ 1  COAHUILA-DURANGO,10,10012.0,1984,"INF. FINAL CONTIENE CONTROL DE PERFORACIONES,  CORTE LITOLÓGICO,  CROQUIS DE LOCALIZACIÓN  Y GRÁFICA DE PENETRACIÓN.",,,,523,PRINCIPAL-REGION LAGUNERA,NO,NO,NO,NO,NO,NO,NO,SI,CROQUIS,,,NO,,,,,,,,,,,,,,,,,,,,https://sigagis.conagua.gob.mx/t_infbasica/INVENTARIO/10 DURANGO/PDF/10_0016.pdf
10_0016,POZO 5 CFE,,POZOS ÁREA DE VILLA JUÁREZ,10,10012.0,1984,"INF. FINAL CONTIENE CONTROL DE PERFORACIONES,  CORTE LITOLÓGICO,  CROQUIS DE LOCALIZACIÓN  Y GRÁFICA DE PENETRACIÓN.",,,,523,PRINCIPAL-REGION LAGUNERA,NO,NO,NO,NO,NO,NO,NO,SI,CROQUIS,,,NO,,,,,,,,,,,,,,,,,,,,https://sigagis.conagua.gob.mx/t_infbasica/INVENTARIO/10 DURANGO/PDF/10_0016.pdf
10_0016,POZO 6 CFE,,POZOS ÁREA DE VILLA JUÁREZ,10,10012.0,1984,"INF. FINAL CONTIENE CONTROL DE PERFORACIONES,  CORTE LITOLÓGICO,  CROQUIS DE LOCALIZACIÓN  Y GRÁFICA DE PENETRACIÓN.",,,,523,PRINCIPAL-REGION LAGUNERA,NO,NO,NO,NO,NO,NO,NO,SI,CROQUIS,,,NO,,,,,,,,,,,,,,,,,,,,https://sigagis.conagua.gob.mx/t_infbasica/INVENTARIO/10 DURANGO/PDF/10_0016.pdf
10_0016,POZO 7 CFE,,POZOS ÁREA DE VILLA JUÁREZ,10,10012.0,1984,"INF. FINAL CONTIENE CONTROL DE PERFORACIONES,  CORTE LITOLÓGICO,  CROQUIS DE LOCALIZACIÓN  Y GRÁFICA DE PENETRACIÓN.",,,,523,PRINCIPAL-REGION LAGUNERA,NO,NO,NO,NO,NO,NO,NO,SI,CROQUIS,,,NO,,,,,,,,,,,,,,,,,,,,https://sigagis.conagua.gob.mx/t_infbasica/INVENTARIO/10 DURANGO/PDF/10_0016.pdf
10_0016,POZO 8 CFE,,POZOS ÁREA DE VILLA JUÁREZ,10,10012.0,1984,"INF. FINAL CONTIENE CONTROL DE PERFORACIONES,  CORTE LITOLÓGICO,  CROQUIS DE LOCALIZACIÓN  Y GRÁFICA DE PENETRACIÓN.",,,,523,PRINCIPAL-REGION LAGUNERA,NO,NO,NO,NO,NO,NO,NO,SI,CROQUIS,,,NO,,,,,,,,,,,,,,,,,,,,https://sigagis.conagua.gob.mx/t_infbasica/INVENTARIO/10 DURANGO/PDF/10_0016.pdf
10_0016,POZO 9 CFE,,POZOS ÁREA DE VILLA JUÁREZ,10,10012.0,1984,"INF. FINAL CONTIENE CONTROL DE PERFORACIONES,  CORTE LITOLÓGICO,  CROQUIS DE LOCALIZACIÓN  Y GRÁFICA DE PENETRACIÓN.",,,,523,PRINCIPAL-REGION LAGUNERA,NO,NO,NO,NO,NO,NO,NO,SI,CROQUIS,,,NO,,,,,,,,,,,,,,,,,,,,https://sigagis.conagua.gob.mx/t_infbasica/INVENTARIO/10 DURANGO/PDF/10_0016.pdf
10_0017,PDGOECL84-02,VILLA DE JUÁREZ NO. 2,VILLA JUÁREZ 2  COAHUILA-DURANGO,10,10012.0,1984,"INF. FINAL CONTIENE CONTROL DE PERFORACIONES,  GRÁFICA DE PENETRACIÓN  Y CROQUIS DE LOCALIZACIÓN.",,,,523,PRINCIPAL-REGION LAGUNERA,SI,NO,SI,NO,NO,NO,NO,SI,HIDROGEOLÓGICA,62.15,,NO,1984-06-04 00:00:00,1984-06-14,,,,,,,,,,,,,,,,,,https://sigagis.conagua.gob.mx/t_infbasica/INVENTARIO/10 DURANGO/PDF/10_0017.pdf
10_0018,PDGOECL84-03,VILLA DE JUÁREZ NO. 3,VILLA JUÁREZ 3 COAHUILA-DURANGO,10,10012.0,1984,"INF. FINAL CONTIENE CORTE LITOLÓGICO,  CONTROL DE PERFORACIONES,    CROQUIS DE LOCALIZACIÓN  Y GRÁFICA DE PENETRACIÓN.",,,,523,PRINCIPAL-REGION LAGUNERA,SI,NO,SI,NO,NO,NO,NO,SI,HIDROGEOLÓGICA,62.15,,NO,1984-06-25 00:00:00,1984-06-29,,,,,,,,,,,,,,,,,,https://sigagis.conagua.gob.mx/t_infbasica/INVENTARIO/10 DURANGO/PDF/10_0018.pdf
10_0019,PDGOECL84-04,VILLA DE JUÁREZ NO. 4,VILLA JUÁREZ 4 COAHUILA-DURANGO,10,10012.0,1984,"INF. FINAL CONTIENE CORTE LITOLÓGICO,  CONTROL DE PERFORACIONES,    CROQUIS DE LOCALIZACIÓN  Y GRÁFICA DE PENETRACIÓN.",,,,523,PRINCIPAL-REGION LAGUNERA,SI,NO,SI,NO,NO,NO,NO,SI,HIDROGEOLÓGICA,62.0,,NO,1984-07-12 00:00:00,1984-07-17,,,,,,,,,,,,,,,,,,https://sigagis.conagua.gob.mx/t_infbasica/INVENTARIO/10 DURANGO/PDF/10_0019.pdf
10_0022,NO LOCALIZADO,,SOBREEXPLOTACIÓN DE ACUÍFEROS   COAHUILA-DURANGO,10,10012.0,1989,VISITA DEL CONSULTIVO TÉCNICO DEL IMTA,,,,523,PRINCIPAL-REGION LAGUNERA,NO,NO,NO,NO,NO,NO,NO,NO,OTRO,,,NO,,,,,,,,,,,,,,,,,,,,https://sigagis.conagua.gob.mx/t_infbasica/INVENTARIO/10 DURANGO/PDF/10_0022.pdf
10_0023,NO LOCALIZADO,,APERTURA DE DIVERSOS PROYECTOS,10,,1990,RELACIÓN DE APERTURAS.,,,,523,PRINCIPAL-REGION LAGUNERA,NO,NO,NO,NO,NO,NO,NO,NO,OTRO,,,NO,1990-01-02 00:00:00,1990-12-31,,,,,,,,,,,,,,,,,,https://sigagis.conagua.gob.mx/t_infbasica/INVENTARIO/10 DURANGO/PDF/10_0023.pdf
10_0025,POZO 18,,"GEOHIDROLOGÍA DE LA LAGUNA, REALIZADA POR EL IMTA",10,10007.0,1993,"POZO DE LA ZONA ""LA LAGUNA"".",,,,523,PRINCIPAL-REGION LAGUNERA,NO,NO,NO,NO,NO,NO,NO,SI,CROQUIS,,,NO,,,,,,,,,,,,,,,,,,,,https://sigagis.conagua.gob.mx/t_infbasica/INVENTARIO/10 DURANGO/PDF/10_0025.pdf
10_0025,POZO 36 (A1990),PREDIO EL VERGEL,"GEOHIDROLOGÍA DE LA LAGUNA (I Y II ETAPA), REALIZADA POR EL IMTA",10,10007.0,1993,"POZO SELECCIONADO (I Y II ETAPA ) EN LA INVESTIGACIÓN PARA CARACTERIZAR HIDROQUÍMICAMENTE DE LA ZONA ""LA LAGUNA"", DEGRADA POR CONCENTRACIONES ELEVADAS DE ARSÉNICO, MOSTRANDO UN DETERIORO EN SU CALIDAD FÍSICO-QUÍMICA.",,,,523,PRINCIPAL-REGION LAGUNERA,NO,NO,SI,NO,NO,NO,SI,SI,PROFUNDIDAD,116.13,,SI,,,,,,,,,,,,,,55.47,16.0,N.A.,N.A.,N.A.,N.A.,https://sigagis.conagua.gob.mx/t_infbasica/INVENTARIO/10 DURANGO/PDF/10_0025.pdf
10_0025,POZO 36 (A1993),PREDIO EL VERGEL,"GEOHIDROLOGÍA DE LA LAGUNA, REALIZADA POR EL IMTA",10,10007.0,1993,"POZO SELECCIONADO (III ETAPA ) EN LA INVESTIGACIÓN PARA CARACTERIZAR HIDROQUÍMICAMENTE DE LA ZONA ""LA LAGUNA"", DEGRADA POR CONCENTRACIONES ELEVADAS DE ARSÉNICO, MOSTRANDO UN DETERIORO EN SU CALIDAD FÍSICO-QUÍMICA.",,,,523,PRINCIPAL-REGION LAGUNERA,NO,NO,SI,NO,NO,NO,SI,SI,HIDROGEOQUÍMICO,116.13,,SI,,,60.66,,,,147.73882352941177,82.45666666666666,187.23333333333335,,,,,55.47,16.0,24.4,6.95,2610,0.0088,https://sigagis.conagua.gob.mx/t_infbasica/INVENTARIO/10 DURANGO/PDF/10_0025.pdf
10_0025,POZO 104,,"GEOHIDROLOGÍA DE LA LAGUNA, REALIZADA POR EL IMTA",10,10007.0,1993,"POZO DE LA ZONA ""LA LAGUNA"".",,,,523,PRINCIPAL-REGION LAGUNERA,NO,NO,NO,NO,NO,NO,NO,SI,CROQUIS,,,NO,,,,,,,,,,,,,,,,,,,,https://sigagis.conagua.gob.mx/t_infbasica/INVENTARIO/10 DURANGO/PDF/10_0025.pdf
10_0025,POZO 200,,"GEOHIDROLOGÍA DE LA LAGUNA, REALIZADA POR EL IMTA",10,10007.0,1993,"POZO DE LA ZONA ""LA LAGUNA"".",,,,523,PRINCIPAL-REGION LAGUNERA,NO,NO,NO,NO,NO,NO,NO,SI,CROQUIS,,,NO,,,,,,,,,,,,,,,,,,,,https://sigagis.conagua.gob.mx/t_infbasica/INVENTARIO/10 DURANGO/PDF/10_0025.pdf
10_0025,POZO 306,,"GEOHIDROLOGÍA DE LA LAGUNA, REALIZADA POR EL IMTA",10,10007.0,1993,"POZO DE LA ZONA ""LA LAGUNA"".",,,,523,PRINCIPAL-REGION LAGUNERA,NO,NO,NO,NO,NO,NO,NO,SI,CROQUIS,,,NO,,,,,,,,,,,,,,,,,,,,https://sigagis.conagua.gob.mx/t_infbasica/INVENTARIO/10 DURANGO/PDF/10_0025.pdf
10_0025,POZO 369,,"GEOHIDROLOGÍA DE LA LAGUNA, REALIZADA POR EL IMTA",10,10007.0,1993,"POZO DE LA ZONA ""LA LAGUNA"".",,,,523,PRINCIPAL-REGION LAGUNERA,NO,NO,NO,NO,NO,NO,NO,SI,CROQUIS,,,NO,,,,,,,,,,,,,,,,,,,,https://sigagis.conagua.gob.mx/t_infbasica/INVENTARIO/10 DURANGO/PDF/10_0025.pdf
10_0025,POZO 520 (A1990),EJIDO EL PILAR,"GEOHIDROLOGÍA DE LA LAGUNA (I Y II ETAPA), REALIZADA POR EL IMTA",5,5017.0,1993,"POZO SELECCIONADO (I Y II ETAPA ) EN LA INVESTIGACIÓN PARA CARACTERIZAR HIDROQUÍMICAMENTE DE LA ZONA ""LA LAGUNA"", DEGRADA POR CONCENTRACIONES ELEVADAS DE ARSÉNICO, MOSTRANDO UN DETERIORO EN SU CALIDAD FÍSICO-QUÍMICA.",,,,523,PRINCIPAL-REGION LAGUNERA,NO,NO,SI,NO,NO,NO,SI,SI,HIDROGEOQUÍMICO,123.44,,SI,,,,,,,,,,,,,,52.73,16.0,24.3,6.5,600,0.0064,https://sigagis.conagua.gob.mx/t_infbasica/INVENTARIO/05 COAHUILA DE ZARAGOZA/PDF/10_0025.pdf
10_0025,POZO 520 (A1993),EJIDO EL PILAR,"GEOHIDROLOGÍA DE LA LAGUNA, REALIZADA POR EL IMTA",5,5017.0,1993,"POZO SELECCIONADO (III ETAPA ) EN LA INVESTIGACIÓN PARA CARACTERIZAR HIDROQUÍMICAMENTE DE LA ZONA ""LA LAGUNA"", DEGRADA POR CONCENTRACIONES ELEVADAS DE ARSÉNICO, MOSTRANDO UN DETERIORO EN SU CALIDAD FÍSICO-QUÍMICA.",,,,523,PRINCIPAL-REGION LAGUNERA,NO,NO,SI,NO,NO,NO,SI,SI,HIDROGEOQUÍMICO,123.44,,SI,,,70.71,,,,26.063333333333333,6.146666666666666,72.76666666666667,,,,,52.73,16.0,24.4,7.41,507,0.0093,https://sigagis.conagua.gob.mx/t_infbasica/INVENTARIO/05 COAHUILA DE ZARAGOZA/PDF/10_0025.pdf
10_0025,POZO 546 (A1990),EJIDO LORENZO AVALOS,"GEOHIDROLOGÍA DE LA LAGUNA (I Y II ETAPA), REALIZADA POR EL IMTA",10,10007.0,1993,"POZO SELECCIONADO (I Y II ETAPA ) EN LA INVESTIGACIÓN PARA CARACTERIZAR HIDROQUÍMICAMENTE DE LA ZONA ""LA LAGUNA"", DEGRADA POR CONCENTRACIONES ELEVADAS DE ARSÉNICO, MOSTRANDO UN DETERIORO EN SU CALIDAD FÍSICO-QUÍMICA.",,,,523,PRINCIPAL-REGION LAGUNERA,NO,NO,SI,NO,NO,NO,SI,SI,PROFUNDIDAD,188.06,,SI,,,,,,,,,,,,,,68.86,16.0,N.A.,N.A.,N.A.,N.A.,https://sigagis.conagua.gob.mx/t_infbasica/INVENTARIO/10 DURANGO/PDF/10_0025.pdf
10_0025,POZO 546 (A1993),EJIDO LORENZO AVALOS,"GEOHIDROLOGÍA DE LA LAGUNA, REALIZADA POR EL IMTA",10,10007.0,1993,"POZO SELECCIONADO (III ETAPA ) EN LA INVESTIGACIÓN PARA CARACTERIZAR HIDROQUÍMICAMENTE DE LA ZONA ""LA LAGUNA"", DEGRADA POR CONCENTRACIONES ELEVADAS DE ARSÉNICO, MOSTRANDO UN DETERIORO EN SU CALIDAD FÍSICO-QUÍMICA.",,,,523,PRINCIPAL-REGION LAGUNERA,NO,NO,SI,NO,NO,NO,SI,SI,HIDROGEOQUÍMICO,188.06,,SI,,,119.2,,,,40.04,12.396666666666667,158.83333333333334,,,,,68.86,16.0,28.4,7.55,647,0.003,https://sigagis.conagua.gob.mx/t_infbasica/INVENTARIO/10 DURANGO/PDF/10_0025.pdf
10_0025,POZO 738 (A1990),PREDIO BUEN ABRIGO,"GEOHIDROLOGÍA DE LA LAGUNA (I Y II ETAPA), REALIZADA POR EL IMTA",10,10007.0,1993,"POZO SELECCIONADO (I Y II ETAPA ) EN LA INVESTIGACIÓN PARA CARACTERIZAR HIDROQUÍMICAMENTE DE LA ZONA ""LA LAGUNA"", DEGRADA POR CONCENTRACIONES ELEVADAS DE ARSÉNICO, MOSTRANDO UN DETERIORO EN SU CALIDAD FÍSICO-QUÍMICA.",,,,523,PRINCIPAL-REGION LAGUNERA,NO,NO,SI,NO,NO,NO,SI,SI,PROFUNDIDAD,,,SI,,,,,,,,,,,,,,94.49,16.0,N.A.,N.A.,N.A.,N.A.,https://sigagis.conagua.gob.mx/t_infbasica/INVENTARIO/10 DURANGO/PDF/10_0025.pdf
10_0025,POZO 738 (A1993),PREDIO BUEN ABRIGO,"GEOHIDROLOGÍA DE LA LAGUNA, REALIZADA POR EL IMTA",10,10007.0,1993,"POZO SELECCIONADO (III ETAPA ) EN LA INVESTIGACIÓN PARA CARACTERIZAR HIDROQUÍMICAMENTE DE LA ZONA ""LA LAGUNA"", DEGRADA POR CONCENTRACIONES ELEVADAS DE ARSÉNICO, MOSTRANDO UN DETERIORO EN SU CALIDAD FÍSICO-QUÍMICA.",,,,523,PRINCIPAL-REGION LAGUNERA,NO,NO,SI,NO,NO,NO,SI,SI,HIDROGEOQUÍMICO,,,SI,,,48.16,,,,282.875,24.3,8.127500000000001,,,,,94.49,16.0,27.9,6.78,2536,0.0072,https://sigagis.conagua.gob.mx/t_infbasica/INVENTARIO/10 DURANGO/PDF/10_0025.pdf
10_0025,POZO 772 (A1990),,"GEOHIDROLOGÍA DE LA LAGUNA (I Y II ETAPA), REALIZADA POR EL IMTA",10,10007.0,1993,"POZO SELECCIONADO (I Y II ETAPA ) EN LA INVESTIGACIÓN PARA CARACTERIZAR HIDROQUÍMICAMENTE DE LA ZONA ""LA LAGUNA"", DEGRADA POR CONCENTRACIONES ELEVADAS DE ARSÉNICO, MOSTRANDO UN DETERIORO EN SU CALIDAD FÍSICO-QUÍMICA.",,,,523,PRINCIPAL-REGION LAGUNERA,NO,NO,NO,NO,NO,NO,SI,SI,HIDROGEOQUÍMICO,,,SI,,,,,,,,,,,,,,,,N.A.,N.A.,N.A.,N.A.,https://sigagis.conagua.gob.mx/t_infbasica/INVENTARIO/10 DURANGO/PDF/10_0025.pdf
10_0025,POZO 772 (A1993),,"GEOHIDROLOGÍA DE LA LAGUNA, REALIZADA POR EL IMTA",10,10007.0,1993,"POZO SELECCIONADO EN LA INVESTIGACIÓN PARA CARACTERIZAR HIDROQUÍMICAMENTE DE LA ZONA ""LA LAGUNA"", DEGRADA POR CONCENTRACIONES ELEVADAS DE ARSÉNICO, MOSTRANDO UN DETERIORO EN SU CALIDAD FÍSICO-QUÍMICA.",,,,523,PRINCIPAL-REGION LAGUNERA,NO,NO,NO,NO,NO,NO,SI,SI,HIDROGEOQUÍMICO,,,SI,,,,,,,,,,,,,,,,30.1,6.78,279,0.0076,https://sigagis.conagua.gob.mx/t_infbasica/INVENTARIO/10 DURANGO/PDF/10_0025.pdf
10_0025,POZO 1085 (A1990),PREDIO GUADALUPE,"GEOHIDROLOGÍA DE LA LAGUNA (I Y II ETAPA), REALIZADA POR EL IMTA",10,10036.0,1993,"POZO SELECCIONADO (I Y II ETAPA ) EN LA INVESTIGACIÓN PARA CARACTERIZAR HIDROQUÍMICAMENTE DE LA ZONA ""LA LAGUNA"", DEGRADA POR CONCENTRACIONES ELEVADAS DE ARSÉNICO, MOSTRANDO UN DETERIORO EN SU CALIDAD FÍSICO-QUÍMICA.",,,,523,PRINCIPAL-REGION LAGUNERA,NO,NO,SI,NO,NO,NO,SI,SI,PROFUNDIDAD,104.24,,SI,,,,,,,,,,,,,,46.94,16.0,N.A.,N.A.,N.A.,N.A.,https://sigagis.conagua.gob.mx/t_infbasica/INVENTARIO/10 DURANGO/PDF/10_0025.pdf
10_0025,POZO 1085 (A1993),PREDIO GUADALUPE,"GEOHIDROLOGÍA DE LA LAGUNA, REALIZADA POR EL IMTA",10,10036.0,1993,"POZO SELECCIONADO (III ETAPA ) EN LA INVESTIGACIÓN PARA CARACTERIZAR HIDROQUÍMICAMENTE DE LA ZONA ""LA LAGUNA"", DEGRADA POR CONCENTRACIONES ELEVADAS DE ARSÉNICO, MOSTRANDO UN DETERIORO EN SU CALIDAD FÍSICO-QUÍMICA.",,,,523,PRINCIPAL-REGION LAGUNERA,NO,NO,SI,NO,NO,NO,SI,SI,HIDROGEOQUÍMICO,104.24,,SI,,,57.3,,,,366.5,62.980000000000004,860.5,,,,,46.94,16.0,26.7,7.36,4770,0.0454,https://sigagis.conagua.gob.mx/t_infbasica/INVENTARIO/10 DURANGO/PDF/10_0025.pdf
10_0025,POZO 1309 (A1990),,"GEOHIDROLOGÍA DE LA LAGUNA (I Y II ETAPA), REALIZADA POR EL IMTA",10,10007.0,1993,"POZO SELECCIONADO (I Y II ETAPA ) EN LA INVESTIGACIÓN PARA CARACTERIZAR HIDROQUÍMICAMENTE DE LA ZONA ""LA LAGUNA"", DEGRADA POR CONCENTRACIONES ELEVADAS DE ARSÉNICO, MOSTRANDO UN DETERIORO EN SU CALIDAD FÍSICO-QUÍMICA.",,,,523,PRINCIPAL-REGION LAGUNERA,NO,NO,NO,NO,NO,NO,SI,SI,PROFUNDIDAD,,,SI,,,,,,,,,,,,,,,,N.A.,"N.A,",N.A.,N.A.,https://sigagis.conagua.gob.mx/t_infbasica/INVENTARIO/10 DURANGO/PDF/10_0025.pdf
10_0025,POZO 1309 (A1993),,"GEOHIDROLOGÍA DE LA LAGUNA, REALIZADA POR EL IMTA",10,10007.0,1993,"POZO SELECCIONADO EN LA INVESTIGACIÓN PARA CARACTERIZAR HIDROQUÍMICAMENTE DE LA ZONA ""LA LAGUNA"", DEGRADA POR CONCENTRACIONES ELEVADAS DE ARSÉNICO, MOSTRANDO UN DETERIORO EN SU CALIDAD FÍSICO-QUÍMICA.",,,,523,PRINCIPAL-REGION LAGUNERA,NO,NO,NO,NO,NO,NO,SI,SI,HIDROGEOQUÍMICO,,,SI,,,,,,,496.5,100.9,514.0,,,,,,,25.4,6.95,4285,0.0105,https://sigagis.conagua.gob.mx/t_infbasica/INVENTARIO/10 DURANGO/PDF/10_0025.pdf
10_0025,POZO 1349 (A1990),PREDIO LAS FILIPINAS,"GEOHIDROLOGÍA DE LA LAGUNA (I Y II ETAPA), REALIZADA POR EL IMTA",5,5017.0,1993,"POZO SELECCIONADO (I Y II ETAPA ) EN LA INVESTIGACIÓN PARA CARACTERIZAR HIDROQUÍMICAMENTE DE LA ZONA ""LA LAGUNA"", DEGRADA POR CONCENTRACIONES ELEVADAS DE ARSÉNICO, MOSTRANDO UN DETERIORO EN SU CALIDAD FÍSICO-QUÍMICA.",,,,523,PRINCIPAL-REGION LAGUNERA,NO,NO,SI,NO,NO,NO,SI,SI,HIDROGEOQUÍMICO,145.39,,SI,,,,,,,,,,,,,,59.74,16.0,26,6.7,2900,0.0099,https://sigagis.conagua.gob.mx/t_infbasica/INVENTARIO/05 COAHUILA DE ZARAGOZA/PDF/10_0025.pdf
10_0025,POZO 1349 (A1993),PREDIO LAS FILIPINAS,"GEOHIDROLOGÍA DE LA LAGUNA, REALIZADA POR EL IMTA",5,5017.0,1993,"POZO SELECCIONADO (III ETAPA ) EN LA INVESTIGACIÓN PARA CARACTERIZAR HIDROQUÍMICAMENTE DE LA ZONA ""LA LAGUNA"", DEGRADA POR CONCENTRACIONES ELEVADAS DE ARSÉNICO, MOSTRANDO UN DETERIORO EN SU CALIDAD FÍSICO-QUÍMICA.",,,,523,PRINCIPAL-REGION LAGUNERA,NO,NO,SI,NO,NO,NO,SI,SI,HIDROGEOQUÍMICO,145.39,,SI,,,85.65,,,,202.6,71.71666666666665,471.0,,,,,59.74,16.0,27,7.22,2523,0.0042,https://sigagis.conagua.gob.mx/t_infbasica/INVENTARIO/05 COAHUILA DE ZARAGOZA/PDF/10_0025.pdf
10_0025,POZO 1632 (A1993),,"GEOHIDROLOGÍA DE LA LAGUNA, REALIZADA POR EL IMTA",10,10007.0,1993,"POZO SELECCIONADO EN LA INVESTIGACIÓN PARA CARACTERIZAR HIDROQUÍMICAMENTE DE LA ZONA ""LA LAGUNA"", DEGRADA POR CONCENTRACIONES ELEVADAS DE ARSÉNICO, MOSTRANDO UN DETERIORO EN SU CALIDAD FÍSICO-QUÍMICA.",,,,523,PRINCIPAL-REGION LAGUNERA,NO,NO,NO,NO,NO,NO,NO,SI,PROFUNDIDAD,,,SI,,,107.9,,,,,,,,,,,,,,,,,https://sigagis.conagua.gob.mx/t_infbasica/INVENTARIO/10 DURANGO/PDF/10_0025.pdf
10_0025,POZO 1940,,"GEOHIDROLOGÍA DE LA LAGUNA, REALIZADA POR EL IMTA",10,10007.0,1993,"POZO DE LA ZONA ""LA LAGUNA"".",,,,523,PRINCIPAL-REGION LAGUNERA,NO,NO,NO,NO,NO,NO,NO,SI,CROQUIS,,,NO,,,,,,,,,,,,,,,,,,,,https://sigagis.conagua.gob.mx/t_infbasica/INVENTARIO/10 DURANGO/PDF/10_0025.pdf
10_0025,POZO 1981,,"GEOHIDROLOGÍA DE LA LAGUNA, REALIZADA POR EL IMTA",10,10007.0,1993,"POZO DE LA ZONA ""LA LAGUNA"".",,,,523,PRINCIPAL-REGION LAGUNERA,NO,NO,NO,NO,NO,NO,NO,SI,CROQUIS,,,NO,,,,,,,,,,,,,,,,,,,,https://sigagis.conagua.gob.mx/t_infbasica/INVENTARIO/10 DURANGO/PDF/10_0025.pdf
10_0025,POZO 2016,,"GEOHIDROLOGÍA DE LA LAGUNA, REALIZADA POR EL IMTA",10,10007.0,1993,"POZO DE LA ZONA ""LA LAGUNA"".",,,,523,PRINCIPAL-REGION LAGUNERA,NO,NO,NO,NO,NO,NO,NO,SI,CROQUIS,,,NO,,,,,,,,,,,,,,,,,,,,https://sigagis.conagua.gob.mx/t_infbasica/INVENTARIO/10 DURANGO/PDF/10_0025.pdf
10_0025,POZO 2345 (1990),PREDIO ARCINAS,"GEOHIDROLOGÍA DE LA LAGUNA (I Y II ETAPA), REALIZADA POR EL IMTA",10,10007.0,1993,"POZO SELECCIONADO (I Y II ETAPA ) EN LA INVESTIGACIÓN PARA CARACTERIZAR HIDROQUÍMICAMENTE DE LA ZONA ""LA LAGUNA"", DEGRADA POR CONCENTRACIONES ELEVADAS DE ARSÉNICO, MOSTRANDO UN DETERIORO EN SU CALIDAD FÍSICO-QUÍMICA.",,,,523,PRINCIPAL-REGION LAGUNERA,NO,NO,SI,NO,NO,NO,SI,SI,PROFUNDIDAD,193.85,,SI,,,,,,,,,,,,,,109.73,16.0,N.A.,N.A.,N.A.,N.A.,https://sigagis.conagua.gob.mx/t_infbasica/INVENTARIO/10 DURANGO/PDF/10_0025.pdf
10_0025,POZO 2345 (A1993),PREDIO ARCINAS,"GEOHIDROLOGÍA DE LA LAGUNA, REALIZADA POR EL IMTA",10,10007.0,1993,"POZO SELECCIONADO (III ETAPA ) EN LA INVESTIGACIÓN PARA CARACTERIZAR HIDROQUÍMICAMENTE DE LA ZONA ""LA LAGUNA"", DEGRADA POR CONCENTRACIONES ELEVADAS DE ARSÉNICO, MOSTRANDO UN DETERIORO EN SU CALIDAD FÍSICO-QUÍMICA.",,,,523,PRINCIPAL-REGION LAGUNERA,NO,NO,SI,NO,NO,NO,SI,SI,HIDROGEOQUÍMICO,193.85,,SI,,,84.12,,,,21.87,1.22,80.4,,,,,109.73,16.0,29.1,7.89,358,0.0217,https://sigagis.conagua.gob.mx/t_infbasica/INVENTARIO/10 DURANGO/PDF/10_0025.pdf
10_0025,POZO 2349 (A1990),EJIDO LA PERLA,"GEOHIDROLOGÍA DE LA LAGUNA (I Y II ETAPA), REALIZADA POR EL IMTA",5,5035.0,1993,"POZO SELECCIONADO (I Y II ETAPA ) EN LA INVESTIGACIÓN PARA CARACTERIZAR HIDROQUÍMICAMENTE DE LA ZONA ""LA LAGUNA"", DEGRADA POR CONCENTRACIONES ELEVADAS DE ARSÉNICO, MOSTRANDO UN DETERIORO EN SU CALIDAD FÍSICO-QUÍMICA.",,,,523,PRINCIPAL-REGION LAGUNERA,NO,NO,SI,NO,NO,NO,SI,SI,HIDROGEOQUÍMICO,157.58,,SI,,,,,,,,,,,,,,49.68,16.0,25,7.3,764,0.0597,https://sigagis.conagua.gob.mx/t_infbasica/INVENTARIO/05 COAHUILA DE ZARAGOZA/PDF/10_0025.pdf
10_0025,POZO 2349 (A1993),EJIDO LA PERLA,"GEOHIDROLOGÍA DE LA LAGUNA, REALIZADA POR EL IMTA",5,5035.0,1993,"POZO SELECCIONADO (III ETAPA ) EN LA INVESTIGACIÓN PARA CARACTERIZAR HIDROQUÍMICAMENTE DE LA ZONA ""LA LAGUNA"", DEGRADA POR CONCENTRACIONES ELEVADAS DE ARSÉNICO, MOSTRANDO UN DETERIORO EN SU CALIDAD FÍSICO-QUÍMICA.",,,,523,PRINCIPAL-REGION LAGUNERA,NO,NO,SI,NO,NO,NO,SI,SI,HIDROGEOQUÍMICO,157.58,,SI,,,107.9,,,,62.02333333333333,14.966666666666667,628.6666666666666,,,,,49.68,16.0,27,7.65,1960,0.0385,https://sigagis.conagua.gob.mx/t_infbasica/INVENTARIO/05 COAHUILA DE ZARAGOZA/PDF/10_0025.pdf
10_0025,POZO 2887 (A1990),PREDIO 20 DE ABRIL,"GEOHIDROLOGÍA DE LA LAGUNA (I Y II ETAPA), REALIZADA POR EL IMTA",10,10036.0,1993,"POZO SELECCIONADO (I Y II ETAPA ) EN LA INVESTIGACIÓN PARA CARACTERIZAR HIDROQUÍMICAMENTE DE LA ZONA ""LA LAGUNA"", DEGRADA POR CONCENTRACIONES ELEVADAS DE ARSÉNICO, MOSTRANDO UN DETERIORO EN SU CALIDAD FÍSICO-QUÍMICA.",,,,523,PRINCIPAL-REGION LAGUNERA,NO,NO,SI,NO,NO,NO,SI,SI,PROFUNDIDAD,138.4,,SI,,,,,,,,,,,,,,65.58,16.0,N.A.,N.A. ,N.A.,N.A.,https://sigagis.conagua.gob.mx/t_infbasica/INVENTARIO/10 DURANGO/PDF/10_0025.pdf
10_0025,POZO 2887 (A1993),PREDIO 20 DE ABRIL,"GEOHIDROLOGÍA DE LA LAGUNA, REALIZADA POR EL IMTA",10,10036.0,1993,"POZO SELECCIONADO (III ETAPA ) EN LA INVESTIGACIÓN PARA CARACTERIZAR HIDROQUÍMICAMENTE DE LA ZONA ""LA LAGUNA"", DEGRADA POR CONCENTRACIONES ELEVADAS DE ARSÉNICO, MOSTRANDO UN DETERIORO EN SU CALIDAD FÍSICO-QUÍMICA.",,,,523,PRINCIPAL-REGION LAGUNERA,NO,NO,SI,NO,NO,NO,SI,SI,HIDROGEOQUÍMICO,138.4,,SI,,,69.8,,,,279.3333333333333,13.956666666666665,721.6666666666666,,,,,65.58,16.0,26.1,7.22,3477,0.1144,https://sigagis.conagua.gob.mx/t_infbasica/INVENTARIO/10 DURANGO/PDF/10_0025.pdf
10_0025,POZO 2907 (A1990),PREDIO TRASGO,"GEOHIDROLOGÍA DE LA LAGUNA (I Y II ETAPA), REALIZADA POR EL IMTA",10,10013.0,1993,"POZO SELECCIONADO (I Y II ETAPA ) EN LA INVESTIGACIÓN PARA CARACTERIZAR HIDROQUÍMICAMENTE DE LA ZONA ""LA LAGUNA"", DEGRADA POR CONCENTRACIONES ELEVADAS DE ARSÉNICO, MOSTRANDO UN DETERIORO EN SU CALIDAD FÍSICO-QUÍMICA.",,,,523,PRINCIPAL-REGION LAGUNERA,NO,NO,SI,NO,NO,NO,SI,SI,PROFUNDIDAD,136.55,,SI,,,,,,,,,,,,,,72.24,16.0,N.A.,N.A.,N.A.,N.A.,https://sigagis.conagua.gob.mx/t_infbasica/INVENTARIO/10 DURANGO/PDF/10_0025.pdf
10_0025,POZO 2907 (A1993),PREDIO TRASGO,"GEOHIDROLOGÍA DE LA LAGUNA, REALIZADA POR EL IMTA",10,10013.0,1993,"POZO SELECCIONADO (III ETAPA ) EN LA INVESTIGACIÓN PARA CARACTERIZAR HIDROQUÍMICAMENTE DE LA ZONA ""LA LAGUNA"", DEGRADA POR CONCENTRACIONES ELEVADAS DE ARSÉNICO, MOSTRANDO UN DETERIORO EN SU CALIDAD FÍSICO-QUÍMICA.",,,,523,PRINCIPAL-REGION LAGUNERA,NO,NO,SI,NO,NO,NO,SI,SI,HIDROGEOQUÍMICO,136.55,,SI,,,64.31,,,,44.175,14.7875,210.95,,,,,72.24,16.0,29.6,7.42,1114,0.0014,https://sigagis.conagua.gob.mx/t_infbasica/INVENTARIO/10 DURANGO/PDF/10_0025.pdf
10_0025,POZO 3036 (A1990),PREDIO LUIS ECHEVERRIA ÁLVAREZ,"GEOHIDROLOGÍA DE LA LAGUNA (I Y II ETAPA), REALIZADA POR EL IMTA",10,10036.0,1993,"POZO SELECCIONADO (I Y II ETAPA ) EN LA INVESTIGACIÓN PARA CARACTERIZAR HIDROQUÍMICAMENTE DE LA ZONA ""LA LAGUNA"", DEGRADA POR CONCENTRACIONES ELEVADAS DE ARSÉNICO, MOSTRANDO UN DETERIORO EN SU CALIDAD FÍSICO-QUÍMICA.",,,,523,PRINCIPAL-REGION LAGUNERA,NO,NO,SI,NO,NO,NO,SI,SI,PROFUNDIDAD,139.9,,SI,,,,,,,,,,,,,,78.94,16.0,N.A.,N.A.,N.A.,N.A.,https://sigagis.conagua.gob.mx/t_infbasica/INVENTARIO/10 DURANGO/PDF/10_0025.pdf
10_0025,POZO 3036 (A1993),PREDIO LUIS ECHEVERRIA ÁLVAREZ,"GEOHIDROLOGÍA DE LA LAGUNA, REALIZADA POR EL IMTA",10,10036.0,1993,"POZO SELECCIONADO (III ETAPA ) EN LA INVESTIGACIÓN PARA CARACTERIZAR HIDROQUÍMICAMENTE DE LA ZONA ""LA LAGUNA"", DEGRADA POR CONCENTRACIONES ELEVADAS DE ARSÉNICO, MOSTRANDO UN DETERIORO EN SU CALIDAD FÍSICO-QUÍMICA.",,,,523,PRINCIPAL-REGION LAGUNERA,NO,NO,SI,NO,NO,NO,SI,SI,HIDROGEOQUÍMICO,139.9,,SI,,,60.96,,,,47.333333333333336,2.28,548.3333333333334,,,,,78.94,16.0,27,7.43,1363,0.0811,https://sigagis.conagua.gob.mx/t_infbasica/INVENTARIO/10 DURANGO/PDF/10_0025.pdf
